{
    "Corona": {
        "Days Infectious": 10,
        "Days Till Death Range": [
            14,
            56
        ],
        "Disease Duration Range": [
            15,
            70
        ],
        "Incubation Period": [
            1,
            14
        ],
        "Mortality By Age": [
            0.0,
            0.00139999995008111,
            0.0012000000569969416,
            0.0020000000949949026,
            0.003800000064074993,
            0.009800000116229057,
            0.02979999966919422,
            0.07940000295639038,
            0.17339999973773956
        ],
        "Name": "COVID-19",
        "Spread Factor": [
            0.0,
            0.5
        ],
        "Symptoms Development": [
            0.550000011920929,
            0.8500000238418579
        ],
        "Test Accuracy": 0.9810000061988831
    }
}
